File Type,Content Git Url,Publish Url,Publish State,
Content,https://github.com/MicrosoftDocs/powerbi-rest-api-docs-pr/blob/master/docs-ref-autogen/power-bi/Admin.yml,https://review.docs.microsoft.com/en-us/rest/api/power-bi/admin?branch=master,Unpublished,
Content,https://github.com/MicrosoftDocs/powerbi-rest-api-docs-pr/blob/master/docs-ref-autogen/power-bi/Admin/AddPowerBIEncryptionKey.yml,https://review.docs.microsoft.com/en-us/rest/api/power-bi/admin/addpowerbiencryptionkey?branch=master,Unpublished,
Content,https://github.com/MicrosoftDocs/powerbi-rest-api-docs-pr/blob/master/docs-ref-autogen/power-bi/Admin/Apps_GetAppsAsAdmin.yml,https://review.docs.microsoft.com/en-us/rest/api/power-bi/admin/apps_getappsasadmin?branch=master,Unpublished,
Content,https://github.com/MicrosoftDocs/powerbi-rest-api-docs-pr/blob/master/docs-ref-autogen/power-bi/Admin/Apps_GetAppUsersAsAdmin.yml,https://review.docs.microsoft.com/en-us/rest/api/power-bi/admin/apps_getappusersasadmin?branch=master,Unpublished,
Content,https://github.com/MicrosoftDocs/powerbi-rest-api-docs-pr/blob/master/docs-ref-autogen/power-bi/Admin/Capacities_AssignWorkspacesToCapacity.yml,https://review.docs.microsoft.com/en-us/rest/api/power-bi/admin/capacities_assignworkspacestocapacity?branch=master,Unpublished,
Content,https://github.com/MicrosoftDocs/powerbi-rest-api-docs-pr/blob/master/docs-ref-autogen/power-bi/Admin/Capacities_GetCapacityUsersAsAdmin.yml,https://review.docs.microsoft.com/en-us/rest/api/power-bi/admin/capacities_getcapacityusersasadmin?branch=master,Unpublished,
Content,https://github.com/MicrosoftDocs/powerbi-rest-api-docs-pr/blob/master/docs-ref-autogen/power-bi/Admin/Capacities_UnassignWorkspacesFromCapacity.yml,https://review.docs.microsoft.com/en-us/rest/api/power-bi/admin/capacities_unassignworkspacesfromcapacity?branch=master,Unpublished,
Content,https://github.com/MicrosoftDocs/powerbi-rest-api-docs-pr/blob/master/docs-ref-autogen/power-bi/Admin/Dashboards_GetDashboardsAsAdmin.yml,https://review.docs.microsoft.com/en-us/rest/api/power-bi/admin/dashboards_getdashboardsasadmin?branch=master,Unpublished,
Content,https://github.com/MicrosoftDocs/powerbi-rest-api-docs-pr/blob/master/docs-ref-autogen/power-bi/Admin/Dashboards_GetDashboardsInGroupAsAdmin.yml,https://review.docs.microsoft.com/en-us/rest/api/power-bi/admin/dashboards_getdashboardsingroupasadmin?branch=master,Unpublished,
Content,https://github.com/MicrosoftDocs/powerbi-rest-api-docs-pr/blob/master/docs-ref-autogen/power-bi/Admin/Dashboards_GetDashboardUsersAsAdmin.yml,https://review.docs.microsoft.com/en-us/rest/api/power-bi/admin/dashboards_getdashboardusersasadmin?branch=master,Unpublished,
Content,https://github.com/MicrosoftDocs/powerbi-rest-api-docs-pr/blob/master/docs-ref-autogen/power-bi/Admin/Dashboards_GetTilesAsAdmin.yml,https://review.docs.microsoft.com/en-us/rest/api/power-bi/admin/dashboards_gettilesasadmin?branch=master,Unpublished,
Content,https://github.com/MicrosoftDocs/powerbi-rest-api-docs-pr/blob/master/docs-ref-autogen/power-bi/Admin/Dataflows_ExportDataflowAsAdmin.yml,https://review.docs.microsoft.com/en-us/rest/api/power-bi/admin/dataflows_exportdataflowasadmin?branch=master,Unpublished,
Content,https://github.com/MicrosoftDocs/powerbi-rest-api-docs-pr/blob/master/docs-ref-autogen/power-bi/Admin/Dataflows_GetDataflowDatasourcesAsAdmin.yml,https://review.docs.microsoft.com/en-us/rest/api/power-bi/admin/dataflows_getdataflowdatasourcesasadmin?branch=master,Unpublished,
Content,https://github.com/MicrosoftDocs/powerbi-rest-api-docs-pr/blob/master/docs-ref-autogen/power-bi/Admin/Dataflows_GetDataflowsAsAdmin.yml,https://review.docs.microsoft.com/en-us/rest/api/power-bi/admin/dataflows_getdataflowsasadmin?branch=master,Unpublished,
Content,https://github.com/MicrosoftDocs/powerbi-rest-api-docs-pr/blob/master/docs-ref-autogen/power-bi/Admin/Dataflows_GetDataflowsInGroupAsAdmin.yml,https://review.docs.microsoft.com/en-us/rest/api/power-bi/admin/dataflows_getdataflowsingroupasadmin?branch=master,Unpublished,
Content,https://github.com/MicrosoftDocs/powerbi-rest-api-docs-pr/blob/master/docs-ref-autogen/power-bi/Admin/Dataflows_GetDataflowUsersAsAdmin.yml,https://review.docs.microsoft.com/en-us/rest/api/power-bi/admin/dataflows_getdataflowusersasadmin?branch=master,Unpublished,
Content,https://github.com/MicrosoftDocs/powerbi-rest-api-docs-pr/blob/master/docs-ref-autogen/power-bi/Admin/Dataflows_GetUpstreamDataflowsInGroupAsAdmin.yml,https://review.docs.microsoft.com/en-us/rest/api/power-bi/admin/dataflows_getupstreamdataflowsingroupasadmin?branch=master,Unpublished,
Content,https://github.com/MicrosoftDocs/powerbi-rest-api-docs-pr/blob/master/docs-ref-autogen/power-bi/Admin/Datasets_GetDatasetsAsAdmin.yml,https://review.docs.microsoft.com/en-us/rest/api/power-bi/admin/datasets_getdatasetsasadmin?branch=master,Unpublished,
Content,https://github.com/MicrosoftDocs/powerbi-rest-api-docs-pr/blob/master/docs-ref-autogen/power-bi/Admin/Datasets_GetDatasetsInGroupAsAdmin.yml,https://review.docs.microsoft.com/en-us/rest/api/power-bi/admin/datasets_getdatasetsingroupasadmin?branch=master,Unpublished,
Content,https://github.com/MicrosoftDocs/powerbi-rest-api-docs-pr/blob/master/docs-ref-autogen/power-bi/Admin/Datasets_GetDatasetToDataflowsLinksInGroupAsAdmin.yml,https://review.docs.microsoft.com/en-us/rest/api/power-bi/admin/datasets_getdatasettodataflowslinksingroupasadmin?branch=master,Unpublished,
Content,https://github.com/MicrosoftDocs/powerbi-rest-api-docs-pr/blob/master/docs-ref-autogen/power-bi/Admin/Datasets_GetDatasetUsersAsAdmin.yml,https://review.docs.microsoft.com/en-us/rest/api/power-bi/admin/datasets_getdatasetusersasadmin?branch=master,Unpublished,
Content,https://github.com/MicrosoftDocs/powerbi-rest-api-docs-pr/blob/master/docs-ref-autogen/power-bi/Admin/Datasets_GetDatasourcesAsAdmin.yml,https://review.docs.microsoft.com/en-us/rest/api/power-bi/admin/datasets_getdatasourcesasadmin?branch=master,Unpublished,
Content,https://github.com/MicrosoftDocs/powerbi-rest-api-docs-pr/blob/master/docs-ref-autogen/power-bi/Admin/GetActivityEvents.yml,https://review.docs.microsoft.com/en-us/rest/api/power-bi/admin/getactivityevents?branch=master,Unpublished,
Content,https://github.com/MicrosoftDocs/powerbi-rest-api-docs-pr/blob/master/docs-ref-autogen/power-bi/Admin/GetCapacitiesAsAdmin.yml,https://review.docs.microsoft.com/en-us/rest/api/power-bi/admin/getcapacitiesasadmin?branch=master,Unpublished,
Content,https://github.com/MicrosoftDocs/powerbi-rest-api-docs-pr/blob/master/docs-ref-autogen/power-bi/Admin/GetPowerBIEncryptionKeys.yml,https://review.docs.microsoft.com/en-us/rest/api/power-bi/admin/getpowerbiencryptionkeys?branch=master,Unpublished,
Content,https://github.com/MicrosoftDocs/powerbi-rest-api-docs-pr/blob/master/docs-ref-autogen/power-bi/Admin/GetRefreshableForCapacity.yml,https://review.docs.microsoft.com/en-us/rest/api/power-bi/admin/getrefreshableforcapacity?branch=master,Unpublished,
Content,https://github.com/MicrosoftDocs/powerbi-rest-api-docs-pr/blob/master/docs-ref-autogen/power-bi/Admin/GetRefreshables.yml,https://review.docs.microsoft.com/en-us/rest/api/power-bi/admin/getrefreshables?branch=master,Unpublished,
Content,https://github.com/MicrosoftDocs/powerbi-rest-api-docs-pr/blob/master/docs-ref-autogen/power-bi/Admin/GetRefreshablesForCapacity.yml,https://review.docs.microsoft.com/en-us/rest/api/power-bi/admin/getrefreshablesforcapacity?branch=master,Unpublished,
Content,https://github.com/MicrosoftDocs/powerbi-rest-api-docs-pr/blob/master/docs-ref-autogen/power-bi/Admin/Groups_AddUserAsAdmin.yml,https://review.docs.microsoft.com/en-us/rest/api/power-bi/admin/groups_adduserasadmin?branch=master,Unpublished,
Content,https://github.com/MicrosoftDocs/powerbi-rest-api-docs-pr/blob/master/docs-ref-autogen/power-bi/Admin/Groups_DeleteUserAsAdmin.yml,https://review.docs.microsoft.com/en-us/rest/api/power-bi/admin/groups_deleteuserasadmin?branch=master,Unpublished,
Content,https://github.com/MicrosoftDocs/powerbi-rest-api-docs-pr/blob/master/docs-ref-autogen/power-bi/Admin/Groups_GetGroupsAsAdmin.yml,https://review.docs.microsoft.com/en-us/rest/api/power-bi/admin/groups_getgroupsasadmin?branch=master,Unpublished,
Content,https://github.com/MicrosoftDocs/powerbi-rest-api-docs-pr/blob/master/docs-ref-autogen/power-bi/Admin/Groups_GetGroupUsersAsAdmin.yml,https://review.docs.microsoft.com/en-us/rest/api/power-bi/admin/groups_getgroupusersasadmin?branch=master,Unpublished,
Content,https://github.com/MicrosoftDocs/powerbi-rest-api-docs-pr/blob/master/docs-ref-autogen/power-bi/Admin/Groups_RestoreDeletedGroupAsAdmin.yml,https://review.docs.microsoft.com/en-us/rest/api/power-bi/admin/groups_restoredeletedgroupasadmin?branch=master,Unpublished,
Content,https://github.com/MicrosoftDocs/powerbi-rest-api-docs-pr/blob/master/docs-ref-autogen/power-bi/Admin/Groups_UpdateGroupAsAdmin.yml,https://review.docs.microsoft.com/en-us/rest/api/power-bi/admin/groups_updategroupasadmin?branch=master,Unpublished,
Content,https://github.com/MicrosoftDocs/powerbi-rest-api-docs-pr/blob/master/docs-ref-autogen/power-bi/Admin/Imports_GetImportsAsAdmin.yml,https://review.docs.microsoft.com/en-us/rest/api/power-bi/admin/imports_getimportsasadmin?branch=master,Unpublished,
Content,https://github.com/MicrosoftDocs/powerbi-rest-api-docs-pr/blob/master/docs-ref-autogen/power-bi/Admin/InformationProtection_RemoveLabelsAsAdmin.yml,https://review.docs.microsoft.com/en-us/rest/api/power-bi/admin/informationprotection_removelabelsasadmin?branch=master,Unpublished,
Content,https://github.com/MicrosoftDocs/powerbi-rest-api-docs-pr/blob/master/docs-ref-autogen/power-bi/Admin/InformationProtection_SetLabelsAsAdmin.yml,https://review.docs.microsoft.com/en-us/rest/api/power-bi/admin/informationprotection_setlabelsasadmin?branch=master,Unpublished,
Content,https://github.com/MicrosoftDocs/powerbi-rest-api-docs-pr/blob/master/docs-ref-autogen/power-bi/Admin/PatchCapacityAsAdmin.yml,https://review.docs.microsoft.com/en-us/rest/api/power-bi/admin/patchcapacityasadmin?branch=master,Unpublished,
Content,https://github.com/MicrosoftDocs/powerbi-rest-api-docs-pr/blob/master/docs-ref-autogen/power-bi/Admin/Reports_GetReportsAsAdmin.yml,https://review.docs.microsoft.com/en-us/rest/api/power-bi/admin/reports_getreportsasadmin?branch=master,Unpublished,
Content,https://github.com/MicrosoftDocs/powerbi-rest-api-docs-pr/blob/master/docs-ref-autogen/power-bi/Admin/Reports_GetReportsInGroupAsAdmin.yml,https://review.docs.microsoft.com/en-us/rest/api/power-bi/admin/reports_getreportsingroupasadmin?branch=master,Unpublished,
Content,https://github.com/MicrosoftDocs/powerbi-rest-api-docs-pr/blob/master/docs-ref-autogen/power-bi/Admin/Reports_GetReportUsersAsAdmin.yml,https://review.docs.microsoft.com/en-us/rest/api/power-bi/admin/reports_getreportusersasadmin?branch=master,Unpublished,
Content,https://github.com/MicrosoftDocs/powerbi-rest-api-docs-pr/blob/master/docs-ref-autogen/power-bi/Admin/RotatePowerBIEncryptionKey.yml,https://review.docs.microsoft.com/en-us/rest/api/power-bi/admin/rotatepowerbiencryptionkey?branch=master,Unpublished,
Content,https://github.com/MicrosoftDocs/powerbi-rest-api-docs-pr/blob/master/docs-ref-autogen/power-bi/Admin/WorkspaceInfo_GetModifiedWorkspaces.yml,https://review.docs.microsoft.com/en-us/rest/api/power-bi/admin/workspaceinfo_getmodifiedworkspaces?branch=master,Unpublished,
Content,https://github.com/MicrosoftDocs/powerbi-rest-api-docs-pr/blob/master/docs-ref-autogen/power-bi/Admin/WorkspaceInfo_GetScanResult.yml,https://review.docs.microsoft.com/en-us/rest/api/power-bi/admin/workspaceinfo_getscanresult?branch=master,Unpublished,
Content,https://github.com/MicrosoftDocs/powerbi-rest-api-docs-pr/blob/master/docs-ref-autogen/power-bi/Admin/WorkspaceInfo_GetScanStatus.yml,https://review.docs.microsoft.com/en-us/rest/api/power-bi/admin/workspaceinfo_getscanstatus?branch=master,Unpublished,
Content,https://github.com/MicrosoftDocs/powerbi-rest-api-docs-pr/blob/master/docs-ref-autogen/power-bi/Admin/WorkspaceInfo_PostWorkspaceInfo.yml,https://review.docs.microsoft.com/en-us/rest/api/power-bi/admin/workspaceinfo_postworkspaceinfo?branch=master,Unpublished,
Content,https://github.com/MicrosoftDocs/powerbi-rest-api-docs-pr/blob/master/docs-ref-autogen/power-bi/Apps.yml,https://review.docs.microsoft.com/en-us/rest/api/power-bi/apps?branch=master,Unpublished,
Content,https://github.com/MicrosoftDocs/powerbi-rest-api-docs-pr/blob/master/docs-ref-autogen/power-bi/Apps/GetApp.yml,https://review.docs.microsoft.com/en-us/rest/api/power-bi/apps/getapp?branch=master,Unpublished,
Content,https://github.com/MicrosoftDocs/powerbi-rest-api-docs-pr/blob/master/docs-ref-autogen/power-bi/Apps/GetApps.yml,https://review.docs.microsoft.com/en-us/rest/api/power-bi/apps/getapps?branch=master,Unpublished,
Content,https://github.com/MicrosoftDocs/powerbi-rest-api-docs-pr/blob/master/docs-ref-autogen/power-bi/Apps/GetDashboard.yml,https://review.docs.microsoft.com/en-us/rest/api/power-bi/apps/getdashboard?branch=master,Unpublished,
Content,https://github.com/MicrosoftDocs/powerbi-rest-api-docs-pr/blob/master/docs-ref-autogen/power-bi/Apps/GetDashboards.yml,https://review.docs.microsoft.com/en-us/rest/api/power-bi/apps/getdashboards?branch=master,Unpublished,
Content,https://github.com/MicrosoftDocs/powerbi-rest-api-docs-pr/blob/master/docs-ref-autogen/power-bi/Apps/GetReport.yml,https://review.docs.microsoft.com/en-us/rest/api/power-bi/apps/getreport?branch=master,Unpublished,
Content,https://github.com/MicrosoftDocs/powerbi-rest-api-docs-pr/blob/master/docs-ref-autogen/power-bi/Apps/GetReports.yml,https://review.docs.microsoft.com/en-us/rest/api/power-bi/apps/getreports?branch=master,Unpublished,
Content,https://github.com/MicrosoftDocs/powerbi-rest-api-docs-pr/blob/master/docs-ref-autogen/power-bi/Apps/GetTile.yml,https://review.docs.microsoft.com/en-us/rest/api/power-bi/apps/gettile?branch=master,Unpublished,
Content,https://github.com/MicrosoftDocs/powerbi-rest-api-docs-pr/blob/master/docs-ref-autogen/power-bi/Apps/GetTiles.yml,https://review.docs.microsoft.com/en-us/rest/api/power-bi/apps/gettiles?branch=master,Unpublished,
Content,https://github.com/MicrosoftDocs/powerbi-rest-api-docs-pr/blob/master/docs-ref-autogen/power-bi/AvailableFeatures.yml,https://review.docs.microsoft.com/en-us/rest/api/power-bi/availablefeatures?branch=master,Unpublished,
Content,https://github.com/MicrosoftDocs/powerbi-rest-api-docs-pr/blob/master/docs-ref-autogen/power-bi/AvailableFeatures/GetAvailableFeatureByName.yml,https://review.docs.microsoft.com/en-us/rest/api/power-bi/availablefeatures/getavailablefeaturebyname?branch=master,Unpublished,
Content,https://github.com/MicrosoftDocs/powerbi-rest-api-docs-pr/blob/master/docs-ref-autogen/power-bi/AvailableFeatures/GetAvailableFeatures.yml,https://review.docs.microsoft.com/en-us/rest/api/power-bi/availablefeatures/getavailablefeatures?branch=master,Unpublished,
Content,https://github.com/MicrosoftDocs/powerbi-rest-api-docs-pr/blob/master/docs-ref-autogen/power-bi/Capacities.yml,https://review.docs.microsoft.com/en-us/rest/api/power-bi/capacities?branch=master,Unpublished,
Content,https://github.com/MicrosoftDocs/powerbi-rest-api-docs-pr/blob/master/docs-ref-autogen/power-bi/Capacities/GetCapacities.yml,https://review.docs.microsoft.com/en-us/rest/api/power-bi/capacities/getcapacities?branch=master,Unpublished,
Content,https://github.com/MicrosoftDocs/powerbi-rest-api-docs-pr/blob/master/docs-ref-autogen/power-bi/Capacities/GetRefreshableForCapacity.yml,https://review.docs.microsoft.com/en-us/rest/api/power-bi/capacities/getrefreshableforcapacity?branch=master,Unpublished,
Content,https://github.com/MicrosoftDocs/powerbi-rest-api-docs-pr/blob/master/docs-ref-autogen/power-bi/Capacities/GetRefreshables.yml,https://review.docs.microsoft.com/en-us/rest/api/power-bi/capacities/getrefreshables?branch=master,Unpublished,
Content,https://github.com/MicrosoftDocs/powerbi-rest-api-docs-pr/blob/master/docs-ref-autogen/power-bi/Capacities/GetRefreshablesForCapacity.yml,https://review.docs.microsoft.com/en-us/rest/api/power-bi/capacities/getrefreshablesforcapacity?branch=master,Unpublished,
Content,https://github.com/MicrosoftDocs/powerbi-rest-api-docs-pr/blob/master/docs-ref-autogen/power-bi/Capacities/GetWorkload.yml,https://review.docs.microsoft.com/en-us/rest/api/power-bi/capacities/getworkload?branch=master,Unpublished,
Content,https://github.com/MicrosoftDocs/powerbi-rest-api-docs-pr/blob/master/docs-ref-autogen/power-bi/Capacities/GetWorkloads.yml,https://review.docs.microsoft.com/en-us/rest/api/power-bi/capacities/getworkloads?branch=master,Unpublished,
Content,https://github.com/MicrosoftDocs/powerbi-rest-api-docs-pr/blob/master/docs-ref-autogen/power-bi/Capacities/Groups_AssignMyWorkspaceToCapacity.yml,https://review.docs.microsoft.com/en-us/rest/api/power-bi/capacities/groups_assignmyworkspacetocapacity?branch=master,Unpublished,
Content,https://github.com/MicrosoftDocs/powerbi-rest-api-docs-pr/blob/master/docs-ref-autogen/power-bi/Capacities/Groups_AssignToCapacity.yml,https://review.docs.microsoft.com/en-us/rest/api/power-bi/capacities/groups_assigntocapacity?branch=master,Unpublished,
Content,https://github.com/MicrosoftDocs/powerbi-rest-api-docs-pr/blob/master/docs-ref-autogen/power-bi/Capacities/Groups_CapacityAssignmentStatus.yml,https://review.docs.microsoft.com/en-us/rest/api/power-bi/capacities/groups_capacityassignmentstatus?branch=master,Unpublished,
Content,https://github.com/MicrosoftDocs/powerbi-rest-api-docs-pr/blob/master/docs-ref-autogen/power-bi/Capacities/Groups_CapacityAssignmentStatusMyWorkspace.yml,https://review.docs.microsoft.com/en-us/rest/api/power-bi/capacities/groups_capacityassignmentstatusmyworkspace?branch=master,Unpublished,
Content,https://github.com/MicrosoftDocs/powerbi-rest-api-docs-pr/blob/master/docs-ref-autogen/power-bi/Capacities/PatchWorkload.yml,https://review.docs.microsoft.com/en-us/rest/api/power-bi/capacities/patchworkload?branch=master,Unpublished,
Content,https://github.com/MicrosoftDocs/powerbi-rest-api-docs-pr/blob/master/docs-ref-autogen/power-bi/Dashboards.yml,https://review.docs.microsoft.com/en-us/rest/api/power-bi/dashboards?branch=master,Unpublished,
Content,https://github.com/MicrosoftDocs/powerbi-rest-api-docs-pr/blob/master/docs-ref-autogen/power-bi/Dashboards/AddDashboard.yml,https://review.docs.microsoft.com/en-us/rest/api/power-bi/dashboards/adddashboard?branch=master,Unpublished,
Content,https://github.com/MicrosoftDocs/powerbi-rest-api-docs-pr/blob/master/docs-ref-autogen/power-bi/Dashboards/AddDashboardInGroup.yml,https://review.docs.microsoft.com/en-us/rest/api/power-bi/dashboards/adddashboardingroup?branch=master,Unpublished,
Content,https://github.com/MicrosoftDocs/powerbi-rest-api-docs-pr/blob/master/docs-ref-autogen/power-bi/Dashboards/CloneTile.yml,https://review.docs.microsoft.com/en-us/rest/api/power-bi/dashboards/clonetile?branch=master,Unpublished,
Content,https://github.com/MicrosoftDocs/powerbi-rest-api-docs-pr/blob/master/docs-ref-autogen/power-bi/Dashboards/CloneTileInGroup.yml,https://review.docs.microsoft.com/en-us/rest/api/power-bi/dashboards/clonetileingroup?branch=master,Unpublished,
Content,https://github.com/MicrosoftDocs/powerbi-rest-api-docs-pr/blob/master/docs-ref-autogen/power-bi/Dashboards/GetDashboard.yml,https://review.docs.microsoft.com/en-us/rest/api/power-bi/dashboards/getdashboard?branch=master,Unpublished,
Content,https://github.com/MicrosoftDocs/powerbi-rest-api-docs-pr/blob/master/docs-ref-autogen/power-bi/Dashboards/GetDashboardInGroup.yml,https://review.docs.microsoft.com/en-us/rest/api/power-bi/dashboards/getdashboardingroup?branch=master,Unpublished,
Content,https://github.com/MicrosoftDocs/powerbi-rest-api-docs-pr/blob/master/docs-ref-autogen/power-bi/Dashboards/GetDashboards.yml,https://review.docs.microsoft.com/en-us/rest/api/power-bi/dashboards/getdashboards?branch=master,Unpublished,
Content,https://github.com/MicrosoftDocs/powerbi-rest-api-docs-pr/blob/master/docs-ref-autogen/power-bi/Dashboards/GetDashboardsInGroup.yml,https://review.docs.microsoft.com/en-us/rest/api/power-bi/dashboards/getdashboardsingroup?branch=master,Unpublished,
Content,https://github.com/MicrosoftDocs/powerbi-rest-api-docs-pr/blob/master/docs-ref-autogen/power-bi/Dashboards/GetTile.yml,https://review.docs.microsoft.com/en-us/rest/api/power-bi/dashboards/gettile?branch=master,Unpublished,
Content,https://github.com/MicrosoftDocs/powerbi-rest-api-docs-pr/blob/master/docs-ref-autogen/power-bi/Dashboards/GetTileInGroup.yml,https://review.docs.microsoft.com/en-us/rest/api/power-bi/dashboards/gettileingroup?branch=master,Unpublished,
Content,https://github.com/MicrosoftDocs/powerbi-rest-api-docs-pr/blob/master/docs-ref-autogen/power-bi/Dashboards/GetTiles.yml,https://review.docs.microsoft.com/en-us/rest/api/power-bi/dashboards/gettiles?branch=master,Unpublished,
Content,https://github.com/MicrosoftDocs/powerbi-rest-api-docs-pr/blob/master/docs-ref-autogen/power-bi/Dashboards/GetTilesInGroup.yml,https://review.docs.microsoft.com/en-us/rest/api/power-bi/dashboards/gettilesingroup?branch=master,Unpublished,
Content,https://github.com/MicrosoftDocs/powerbi-rest-api-docs-pr/blob/master/docs-ref-autogen/power-bi/Dataflows.yml,https://review.docs.microsoft.com/en-us/rest/api/power-bi/dataflows?branch=master,Unpublished,
Content,https://github.com/MicrosoftDocs/powerbi-rest-api-docs-pr/blob/master/docs-ref-autogen/power-bi/Dataflows/CancelDataflowTransaction.yml,https://review.docs.microsoft.com/en-us/rest/api/power-bi/dataflows/canceldataflowtransaction?branch=master,Unpublished,
Content,https://github.com/MicrosoftDocs/powerbi-rest-api-docs-pr/blob/master/docs-ref-autogen/power-bi/Dataflows/DeleteDataflow.yml,https://review.docs.microsoft.com/en-us/rest/api/power-bi/dataflows/deletedataflow?branch=master,Unpublished,
Content,https://github.com/MicrosoftDocs/powerbi-rest-api-docs-pr/blob/master/docs-ref-autogen/power-bi/Dataflows/GetDataflow.yml,https://review.docs.microsoft.com/en-us/rest/api/power-bi/dataflows/getdataflow?branch=master,Unpublished,
Content,https://github.com/MicrosoftDocs/powerbi-rest-api-docs-pr/blob/master/docs-ref-autogen/power-bi/Dataflows/GetDataflowDataSources.yml,https://review.docs.microsoft.com/en-us/rest/api/power-bi/dataflows/getdataflowdatasources?branch=master,Unpublished,
Content,https://github.com/MicrosoftDocs/powerbi-rest-api-docs-pr/blob/master/docs-ref-autogen/power-bi/Dataflows/GetDataflows.yml,https://review.docs.microsoft.com/en-us/rest/api/power-bi/dataflows/getdataflows?branch=master,Unpublished,
Content,https://github.com/MicrosoftDocs/powerbi-rest-api-docs-pr/blob/master/docs-ref-autogen/power-bi/Dataflows/GetDataflowTransactions.yml,https://review.docs.microsoft.com/en-us/rest/api/power-bi/dataflows/getdataflowtransactions?branch=master,Unpublished,
Content,https://github.com/MicrosoftDocs/powerbi-rest-api-docs-pr/blob/master/docs-ref-autogen/power-bi/Dataflows/GetUpstreamDataflowsInGroup.yml,https://review.docs.microsoft.com/en-us/rest/api/power-bi/dataflows/getupstreamdataflowsingroup?branch=master,Unpublished,
Content,https://github.com/MicrosoftDocs/powerbi-rest-api-docs-pr/blob/master/docs-ref-autogen/power-bi/Dataflows/RefreshDataflow.yml,https://review.docs.microsoft.com/en-us/rest/api/power-bi/dataflows/refreshdataflow?branch=master,Unpublished,
Content,https://github.com/MicrosoftDocs/powerbi-rest-api-docs-pr/blob/master/docs-ref-autogen/power-bi/Dataflows/UpdateDataflow.yml,https://review.docs.microsoft.com/en-us/rest/api/power-bi/dataflows/updatedataflow?branch=master,Unpublished,
Content,https://github.com/MicrosoftDocs/powerbi-rest-api-docs-pr/blob/master/docs-ref-autogen/power-bi/Dataflows/UpdateRefreshSchedule.yml,https://review.docs.microsoft.com/en-us/rest/api/power-bi/dataflows/updaterefreshschedule?branch=master,Unpublished,
Content,https://github.com/MicrosoftDocs/powerbi-rest-api-docs-pr/blob/master/docs-ref-autogen/power-bi/DataflowStorageAccounts.yml,https://review.docs.microsoft.com/en-us/rest/api/power-bi/dataflowstorageaccounts?branch=master,Unpublished,
Content,https://github.com/MicrosoftDocs/powerbi-rest-api-docs-pr/blob/master/docs-ref-autogen/power-bi/DataflowStorageAccounts/GetDataflowStorageAccounts.yml,https://review.docs.microsoft.com/en-us/rest/api/power-bi/dataflowstorageaccounts/getdataflowstorageaccounts?branch=master,Unpublished,
Content,https://github.com/MicrosoftDocs/powerbi-rest-api-docs-pr/blob/master/docs-ref-autogen/power-bi/DataflowStorageAccounts/Groups_AssignToDataflowStorage.yml,https://review.docs.microsoft.com/en-us/rest/api/power-bi/dataflowstorageaccounts/groups_assigntodataflowstorage?branch=master,Unpublished,
Content,https://github.com/MicrosoftDocs/powerbi-rest-api-docs-pr/blob/master/docs-ref-autogen/power-bi/Datasets.yml,https://review.docs.microsoft.com/en-us/rest/api/power-bi/datasets?branch=master,Unpublished,
Content,https://github.com/MicrosoftDocs/powerbi-rest-api-docs-pr/blob/master/docs-ref-autogen/power-bi/Datasets/BindToGateway.yml,https://review.docs.microsoft.com/en-us/rest/api/power-bi/datasets/bindtogateway?branch=master,Unpublished,
Content,https://github.com/MicrosoftDocs/powerbi-rest-api-docs-pr/blob/master/docs-ref-autogen/power-bi/Datasets/BindToGatewayInGroup.yml,https://review.docs.microsoft.com/en-us/rest/api/power-bi/datasets/bindtogatewayingroup?branch=master,Unpublished,
Content,https://github.com/MicrosoftDocs/powerbi-rest-api-docs-pr/blob/master/docs-ref-autogen/power-bi/Datasets/DeleteDataset.yml,https://review.docs.microsoft.com/en-us/rest/api/power-bi/datasets/deletedataset?branch=master,Unpublished,
Content,https://github.com/MicrosoftDocs/powerbi-rest-api-docs-pr/blob/master/docs-ref-autogen/power-bi/Datasets/DeleteDatasetInGroup.yml,https://review.docs.microsoft.com/en-us/rest/api/power-bi/datasets/deletedatasetingroup?branch=master,Unpublished,
Content,https://github.com/MicrosoftDocs/powerbi-rest-api-docs-pr/blob/master/docs-ref-autogen/power-bi/Datasets/DiscoverGateways.yml,https://review.docs.microsoft.com/en-us/rest/api/power-bi/datasets/discovergateways?branch=master,Unpublished,
Content,https://github.com/MicrosoftDocs/powerbi-rest-api-docs-pr/blob/master/docs-ref-autogen/power-bi/Datasets/DiscoverGatewaysInGroup.yml,https://review.docs.microsoft.com/en-us/rest/api/power-bi/datasets/discovergatewaysingroup?branch=master,Unpublished,
Content,https://github.com/MicrosoftDocs/powerbi-rest-api-docs-pr/blob/master/docs-ref-autogen/power-bi/Datasets/GetDataset.yml,https://review.docs.microsoft.com/en-us/rest/api/power-bi/datasets/getdataset?branch=master,Unpublished,
Content,https://github.com/MicrosoftDocs/powerbi-rest-api-docs-pr/blob/master/docs-ref-autogen/power-bi/Datasets/GetDatasetInGroup.yml,https://review.docs.microsoft.com/en-us/rest/api/power-bi/datasets/getdatasetingroup?branch=master,Unpublished,
Content,https://github.com/MicrosoftDocs/powerbi-rest-api-docs-pr/blob/master/docs-ref-autogen/power-bi/Datasets/GetDatasets.yml,https://review.docs.microsoft.com/en-us/rest/api/power-bi/datasets/getdatasets?branch=master,Unpublished,
Content,https://github.com/MicrosoftDocs/powerbi-rest-api-docs-pr/blob/master/docs-ref-autogen/power-bi/Datasets/GetDatasetsInGroup.yml,https://review.docs.microsoft.com/en-us/rest/api/power-bi/datasets/getdatasetsingroup?branch=master,Unpublished,
Content,https://github.com/MicrosoftDocs/powerbi-rest-api-docs-pr/blob/master/docs-ref-autogen/power-bi/Datasets/GetDatasetToDataflowsLinksInGroup.yml,https://review.docs.microsoft.com/en-us/rest/api/power-bi/datasets/getdatasettodataflowslinksingroup?branch=master,Unpublished,
Content,https://github.com/MicrosoftDocs/powerbi-rest-api-docs-pr/blob/master/docs-ref-autogen/power-bi/Datasets/GetDatasources.yml,https://review.docs.microsoft.com/en-us/rest/api/power-bi/datasets/getdatasources?branch=master,Unpublished,
Content,https://github.com/MicrosoftDocs/powerbi-rest-api-docs-pr/blob/master/docs-ref-autogen/power-bi/Datasets/GetDatasourcesInGroup.yml,https://review.docs.microsoft.com/en-us/rest/api/power-bi/datasets/getdatasourcesingroup?branch=master,Unpublished,
Content,https://github.com/MicrosoftDocs/powerbi-rest-api-docs-pr/blob/master/docs-ref-autogen/power-bi/Datasets/GetDirectQueryRefreshSchedule.yml,https://review.docs.microsoft.com/en-us/rest/api/power-bi/datasets/getdirectqueryrefreshschedule?branch=master,Unpublished,
Content,https://github.com/MicrosoftDocs/powerbi-rest-api-docs-pr/blob/master/docs-ref-autogen/power-bi/Datasets/GetDirectQueryRefreshScheduleInGroup.yml,https://review.docs.microsoft.com/en-us/rest/api/power-bi/datasets/getdirectqueryrefreshscheduleingroup?branch=master,Unpublished,
Content,https://github.com/MicrosoftDocs/powerbi-rest-api-docs-pr/blob/master/docs-ref-autogen/power-bi/Datasets/GetGatewayDatasources.yml,https://review.docs.microsoft.com/en-us/rest/api/power-bi/datasets/getgatewaydatasources?branch=master,Unpublished,
Content,https://github.com/MicrosoftDocs/powerbi-rest-api-docs-pr/blob/master/docs-ref-autogen/power-bi/Datasets/GetGatewayDatasourcesInGroup.yml,https://review.docs.microsoft.com/en-us/rest/api/power-bi/datasets/getgatewaydatasourcesingroup?branch=master,Unpublished,
Content,https://github.com/MicrosoftDocs/powerbi-rest-api-docs-pr/blob/master/docs-ref-autogen/power-bi/Datasets/GetParameters.yml,https://review.docs.microsoft.com/en-us/rest/api/power-bi/datasets/getparameters?branch=master,Unpublished,
Content,https://github.com/MicrosoftDocs/powerbi-rest-api-docs-pr/blob/master/docs-ref-autogen/power-bi/Datasets/GetParametersInGroup.yml,https://review.docs.microsoft.com/en-us/rest/api/power-bi/datasets/getparametersingroup?branch=master,Unpublished,
Content,https://github.com/MicrosoftDocs/powerbi-rest-api-docs-pr/blob/master/docs-ref-autogen/power-bi/Datasets/GetRefreshHistory.yml,https://review.docs.microsoft.com/en-us/rest/api/power-bi/datasets/getrefreshhistory?branch=master,Unpublished,
Content,https://github.com/MicrosoftDocs/powerbi-rest-api-docs-pr/blob/master/docs-ref-autogen/power-bi/Datasets/GetRefreshHistoryInGroup.yml,https://review.docs.microsoft.com/en-us/rest/api/power-bi/datasets/getrefreshhistoryingroup?branch=master,Unpublished,
Content,https://github.com/MicrosoftDocs/powerbi-rest-api-docs-pr/blob/master/docs-ref-autogen/power-bi/Datasets/GetRefreshSchedule.yml,https://review.docs.microsoft.com/en-us/rest/api/power-bi/datasets/getrefreshschedule?branch=master,Unpublished,
Content,https://github.com/MicrosoftDocs/powerbi-rest-api-docs-pr/blob/master/docs-ref-autogen/power-bi/Datasets/GetRefreshScheduleInGroup.yml,https://review.docs.microsoft.com/en-us/rest/api/power-bi/datasets/getrefreshscheduleingroup?branch=master,Unpublished,
Content,https://github.com/MicrosoftDocs/powerbi-rest-api-docs-pr/blob/master/docs-ref-autogen/power-bi/Datasets/RefreshDataset.yml,https://review.docs.microsoft.com/en-us/rest/api/power-bi/datasets/refreshdataset?branch=master,Unpublished,
Content,https://github.com/MicrosoftDocs/powerbi-rest-api-docs-pr/blob/master/docs-ref-autogen/power-bi/Datasets/RefreshDatasetInGroup.yml,https://review.docs.microsoft.com/en-us/rest/api/power-bi/datasets/refreshdatasetingroup?branch=master,Unpublished,
Content,https://github.com/MicrosoftDocs/powerbi-rest-api-docs-pr/blob/master/docs-ref-autogen/power-bi/Datasets/SetAllDatasetConnections.yml,https://review.docs.microsoft.com/en-us/rest/api/power-bi/datasets/setalldatasetconnections?branch=master,Unpublished,
Content,https://github.com/MicrosoftDocs/powerbi-rest-api-docs-pr/blob/master/docs-ref-autogen/power-bi/Datasets/SetAllDatasetConnectionsInGroup.yml,https://review.docs.microsoft.com/en-us/rest/api/power-bi/datasets/setalldatasetconnectionsingroup?branch=master,Unpublished,
Content,https://github.com/MicrosoftDocs/powerbi-rest-api-docs-pr/blob/master/docs-ref-autogen/power-bi/Datasets/TakeOverInGroup.yml,https://review.docs.microsoft.com/en-us/rest/api/power-bi/datasets/takeoveringroup?branch=master,Unpublished,
Content,https://github.com/MicrosoftDocs/powerbi-rest-api-docs-pr/blob/master/docs-ref-autogen/power-bi/Datasets/UpdateDatasources.yml,https://review.docs.microsoft.com/en-us/rest/api/power-bi/datasets/updatedatasources?branch=master,Unpublished,
Content,https://github.com/MicrosoftDocs/powerbi-rest-api-docs-pr/blob/master/docs-ref-autogen/power-bi/Datasets/UpdateDatasourcesInGroup.yml,https://review.docs.microsoft.com/en-us/rest/api/power-bi/datasets/updatedatasourcesingroup?branch=master,Unpublished,
Content,https://github.com/MicrosoftDocs/powerbi-rest-api-docs-pr/blob/master/docs-ref-autogen/power-bi/Datasets/UpdateDirectQueryRefreshSchedule.yml,https://review.docs.microsoft.com/en-us/rest/api/power-bi/datasets/updatedirectqueryrefreshschedule?branch=master,Unpublished,
Content,https://github.com/MicrosoftDocs/powerbi-rest-api-docs-pr/blob/master/docs-ref-autogen/power-bi/Datasets/UpdateDirectQueryRefreshScheduleInGroup.yml,https://review.docs.microsoft.com/en-us/rest/api/power-bi/datasets/updatedirectqueryrefreshscheduleingroup?branch=master,Unpublished,
Content,https://github.com/MicrosoftDocs/powerbi-rest-api-docs-pr/blob/master/docs-ref-autogen/power-bi/Datasets/UpdateParameters.yml,https://review.docs.microsoft.com/en-us/rest/api/power-bi/datasets/updateparameters?branch=master,Unpublished,
Content,https://github.com/MicrosoftDocs/powerbi-rest-api-docs-pr/blob/master/docs-ref-autogen/power-bi/Datasets/UpdateParametersInGroup.yml,https://review.docs.microsoft.com/en-us/rest/api/power-bi/datasets/updateparametersingroup?branch=master,Unpublished,
Content,https://github.com/MicrosoftDocs/powerbi-rest-api-docs-pr/blob/master/docs-ref-autogen/power-bi/Datasets/UpdateRefreshSchedule.yml,https://review.docs.microsoft.com/en-us/rest/api/power-bi/datasets/updaterefreshschedule?branch=master,Unpublished,
Content,https://github.com/MicrosoftDocs/powerbi-rest-api-docs-pr/blob/master/docs-ref-autogen/power-bi/Datasets/UpdateRefreshScheduleInGroup.yml,https://review.docs.microsoft.com/en-us/rest/api/power-bi/datasets/updaterefreshscheduleingroup?branch=master,Unpublished,
Content,https://github.com/MicrosoftDocs/powerbi-rest-api-docs-pr/blob/master/docs-ref-autogen/power-bi/EmbedToken.yml,https://review.docs.microsoft.com/en-us/rest/api/power-bi/embedtoken?branch=master,Unpublished,
Content,https://github.com/MicrosoftDocs/powerbi-rest-api-docs-pr/blob/master/docs-ref-autogen/power-bi/EmbedToken/Dashboards_GenerateTokenInGroup.yml,https://review.docs.microsoft.com/en-us/rest/api/power-bi/embedtoken/dashboards_generatetokeningroup?branch=master,Unpublished,
Content,https://github.com/MicrosoftDocs/powerbi-rest-api-docs-pr/blob/master/docs-ref-autogen/power-bi/EmbedToken/Datasets_GenerateTokenInGroup.yml,https://review.docs.microsoft.com/en-us/rest/api/power-bi/embedtoken/datasets_generatetokeningroup?branch=master,Unpublished,
Content,https://github.com/MicrosoftDocs/powerbi-rest-api-docs-pr/blob/master/docs-ref-autogen/power-bi/EmbedToken/GenerateToken.yml,https://review.docs.microsoft.com/en-us/rest/api/power-bi/embedtoken/generatetoken?branch=master,Unpublished,
Content,https://github.com/MicrosoftDocs/powerbi-rest-api-docs-pr/blob/master/docs-ref-autogen/power-bi/EmbedToken/Reports_GenerateTokenForCreateInGroup.yml,https://review.docs.microsoft.com/en-us/rest/api/power-bi/embedtoken/reports_generatetokenforcreateingroup?branch=master,Unpublished,
Content,https://github.com/MicrosoftDocs/powerbi-rest-api-docs-pr/blob/master/docs-ref-autogen/power-bi/EmbedToken/Reports_GenerateTokenInGroup.yml,https://review.docs.microsoft.com/en-us/rest/api/power-bi/embedtoken/reports_generatetokeningroup?branch=master,Unpublished,
Content,https://github.com/MicrosoftDocs/powerbi-rest-api-docs-pr/blob/master/docs-ref-autogen/power-bi/EmbedToken/Tiles_GenerateTokenInGroup.yml,https://review.docs.microsoft.com/en-us/rest/api/power-bi/embedtoken/tiles_generatetokeningroup?branch=master,Unpublished,
Content,https://github.com/MicrosoftDocs/powerbi-rest-api-docs-pr/blob/master/docs-ref-autogen/power-bi/Gateways.yml,https://review.docs.microsoft.com/en-us/rest/api/power-bi/gateways?branch=master,Unpublished,
Content,https://github.com/MicrosoftDocs/powerbi-rest-api-docs-pr/blob/master/docs-ref-autogen/power-bi/Gateways/AddDatasourceUser.yml,https://review.docs.microsoft.com/en-us/rest/api/power-bi/gateways/adddatasourceuser?branch=master,Unpublished,
Content,https://github.com/MicrosoftDocs/powerbi-rest-api-docs-pr/blob/master/docs-ref-autogen/power-bi/Gateways/CreateDatasource.yml,https://review.docs.microsoft.com/en-us/rest/api/power-bi/gateways/createdatasource?branch=master,Unpublished,
Content,https://github.com/MicrosoftDocs/powerbi-rest-api-docs-pr/blob/master/docs-ref-autogen/power-bi/Gateways/DeleteDatasource.yml,https://review.docs.microsoft.com/en-us/rest/api/power-bi/gateways/deletedatasource?branch=master,Unpublished,
Content,https://github.com/MicrosoftDocs/powerbi-rest-api-docs-pr/blob/master/docs-ref-autogen/power-bi/Gateways/DeleteDatasourceUser.yml,https://review.docs.microsoft.com/en-us/rest/api/power-bi/gateways/deletedatasourceuser?branch=master,Unpublished,
Content,https://github.com/MicrosoftDocs/powerbi-rest-api-docs-pr/blob/master/docs-ref-autogen/power-bi/Gateways/GetDatasource.yml,https://review.docs.microsoft.com/en-us/rest/api/power-bi/gateways/getdatasource?branch=master,Unpublished,
Content,https://github.com/MicrosoftDocs/powerbi-rest-api-docs-pr/blob/master/docs-ref-autogen/power-bi/Gateways/GetDatasources.yml,https://review.docs.microsoft.com/en-us/rest/api/power-bi/gateways/getdatasources?branch=master,Unpublished,
Content,https://github.com/MicrosoftDocs/powerbi-rest-api-docs-pr/blob/master/docs-ref-autogen/power-bi/Gateways/GetDatasourceStatus.yml,https://review.docs.microsoft.com/en-us/rest/api/power-bi/gateways/getdatasourcestatus?branch=master,Unpublished,
Content,https://github.com/MicrosoftDocs/powerbi-rest-api-docs-pr/blob/master/docs-ref-autogen/power-bi/Gateways/GetDatasourceUsers.yml,https://review.docs.microsoft.com/en-us/rest/api/power-bi/gateways/getdatasourceusers?branch=master,Unpublished,
Content,https://github.com/MicrosoftDocs/powerbi-rest-api-docs-pr/blob/master/docs-ref-autogen/power-bi/Gateways/GetGateway.yml,https://review.docs.microsoft.com/en-us/rest/api/power-bi/gateways/getgateway?branch=master,Unpublished,
Content,https://github.com/MicrosoftDocs/powerbi-rest-api-docs-pr/blob/master/docs-ref-autogen/power-bi/Gateways/GetGateways.yml,https://review.docs.microsoft.com/en-us/rest/api/power-bi/gateways/getgateways?branch=master,Unpublished,
Content,https://github.com/MicrosoftDocs/powerbi-rest-api-docs-pr/blob/master/docs-ref-autogen/power-bi/Gateways/UpdateDatasource.yml,https://review.docs.microsoft.com/en-us/rest/api/power-bi/gateways/updatedatasource?branch=master,Unpublished,
Content,https://github.com/MicrosoftDocs/powerbi-rest-api-docs-pr/blob/master/docs-ref-autogen/power-bi/Groups.yml,https://review.docs.microsoft.com/en-us/rest/api/power-bi/groups?branch=master,Unpublished,
Content,https://github.com/MicrosoftDocs/powerbi-rest-api-docs-pr/blob/master/docs-ref-autogen/power-bi/Groups/AddGroupUser.yml,https://review.docs.microsoft.com/en-us/rest/api/power-bi/groups/addgroupuser?branch=master,Unpublished,
Content,https://github.com/MicrosoftDocs/powerbi-rest-api-docs-pr/blob/master/docs-ref-autogen/power-bi/Groups/CreateGroup.yml,https://review.docs.microsoft.com/en-us/rest/api/power-bi/groups/creategroup?branch=master,Unpublished,
Content,https://github.com/MicrosoftDocs/powerbi-rest-api-docs-pr/blob/master/docs-ref-autogen/power-bi/Groups/DeleteGroup.yml,https://review.docs.microsoft.com/en-us/rest/api/power-bi/groups/deletegroup?branch=master,Unpublished,
Content,https://github.com/MicrosoftDocs/powerbi-rest-api-docs-pr/blob/master/docs-ref-autogen/power-bi/Groups/DeleteUserInGroup.yml,https://review.docs.microsoft.com/en-us/rest/api/power-bi/groups/deleteuseringroup?branch=master,Unpublished,
Content,https://github.com/MicrosoftDocs/powerbi-rest-api-docs-pr/blob/master/docs-ref-autogen/power-bi/Groups/GetGroups.yml,https://review.docs.microsoft.com/en-us/rest/api/power-bi/groups/getgroups?branch=master,Unpublished,
Content,https://github.com/MicrosoftDocs/powerbi-rest-api-docs-pr/blob/master/docs-ref-autogen/power-bi/Groups/GetGroupUsers.yml,https://review.docs.microsoft.com/en-us/rest/api/power-bi/groups/getgroupusers?branch=master,Unpublished,
Content,https://github.com/MicrosoftDocs/powerbi-rest-api-docs-pr/blob/master/docs-ref-autogen/power-bi/Groups/UpdateGroupUser.yml,https://review.docs.microsoft.com/en-us/rest/api/power-bi/groups/updategroupuser?branch=master,Unpublished,
Content,https://github.com/MicrosoftDocs/powerbi-rest-api-docs-pr/blob/master/docs-ref-autogen/power-bi/Imports.yml,https://review.docs.microsoft.com/en-us/rest/api/power-bi/imports?branch=master,Unpublished,
Content,https://github.com/MicrosoftDocs/powerbi-rest-api-docs-pr/blob/master/docs-ref-autogen/power-bi/Imports/CreateTemporaryUploadLocation.yml,https://review.docs.microsoft.com/en-us/rest/api/power-bi/imports/createtemporaryuploadlocation?branch=master,Unpublished,
Content,https://github.com/MicrosoftDocs/powerbi-rest-api-docs-pr/blob/master/docs-ref-autogen/power-bi/Imports/CreateTemporaryUploadLocationInGroup.yml,https://review.docs.microsoft.com/en-us/rest/api/power-bi/imports/createtemporaryuploadlocationingroup?branch=master,Unpublished,
Content,https://github.com/MicrosoftDocs/powerbi-rest-api-docs-pr/blob/master/docs-ref-autogen/power-bi/Imports/GetImport.yml,https://review.docs.microsoft.com/en-us/rest/api/power-bi/imports/getimport?branch=master,Unpublished,
Content,https://github.com/MicrosoftDocs/powerbi-rest-api-docs-pr/blob/master/docs-ref-autogen/power-bi/Imports/GetImportInGroup.yml,https://review.docs.microsoft.com/en-us/rest/api/power-bi/imports/getimportingroup?branch=master,Unpublished,
Content,https://github.com/MicrosoftDocs/powerbi-rest-api-docs-pr/blob/master/docs-ref-autogen/power-bi/Imports/GetImports.yml,https://review.docs.microsoft.com/en-us/rest/api/power-bi/imports/getimports?branch=master,Unpublished,
Content,https://github.com/MicrosoftDocs/powerbi-rest-api-docs-pr/blob/master/docs-ref-autogen/power-bi/Imports/GetImportsInGroup.yml,https://review.docs.microsoft.com/en-us/rest/api/power-bi/imports/getimportsingroup?branch=master,Unpublished,
Content,https://github.com/MicrosoftDocs/powerbi-rest-api-docs-pr/blob/master/docs-ref-autogen/power-bi/Imports/PostImport.yml,https://review.docs.microsoft.com/en-us/rest/api/power-bi/imports/postimport?branch=master,Unpublished,
Content,https://github.com/MicrosoftDocs/powerbi-rest-api-docs-pr/blob/master/docs-ref-autogen/power-bi/Imports/PostImportInGroup.yml,https://review.docs.microsoft.com/en-us/rest/api/power-bi/imports/postimportingroup?branch=master,Unpublished,
Content,https://github.com/MicrosoftDocs/powerbi-rest-api-docs-pr/blob/master/docs-ref-index/index.md,https://review.docs.microsoft.com/en-us/rest/api/power-bi/index?branch=master,Published,
Content,https://github.com/MicrosoftDocs/powerbi-rest-api-docs-pr/blob/master/docs-ref-autogen/power-bi/Pipelines.yml,https://review.docs.microsoft.com/en-us/rest/api/power-bi/pipelines?branch=master,Unpublished,
Content,https://github.com/MicrosoftDocs/powerbi-rest-api-docs-pr/blob/master/docs-ref-autogen/power-bi/Pipelines/DeployAll.yml,https://review.docs.microsoft.com/en-us/rest/api/power-bi/pipelines/deployall?branch=master,Unpublished,
Content,https://github.com/MicrosoftDocs/powerbi-rest-api-docs-pr/blob/master/docs-ref-autogen/power-bi/Pipelines/GetPipeline.yml,https://review.docs.microsoft.com/en-us/rest/api/power-bi/pipelines/getpipeline?branch=master,Unpublished,
Content,https://github.com/MicrosoftDocs/powerbi-rest-api-docs-pr/blob/master/docs-ref-autogen/power-bi/Pipelines/GetPipelineOperation.yml,https://review.docs.microsoft.com/en-us/rest/api/power-bi/pipelines/getpipelineoperation?branch=master,Unpublished,
Content,https://github.com/MicrosoftDocs/powerbi-rest-api-docs-pr/blob/master/docs-ref-autogen/power-bi/Pipelines/GetPipelineOperations.yml,https://review.docs.microsoft.com/en-us/rest/api/power-bi/pipelines/getpipelineoperations?branch=master,Unpublished,
Content,https://github.com/MicrosoftDocs/powerbi-rest-api-docs-pr/blob/master/docs-ref-autogen/power-bi/Pipelines/GetPipelines.yml,https://review.docs.microsoft.com/en-us/rest/api/power-bi/pipelines/getpipelines?branch=master,Unpublished,
Content,https://github.com/MicrosoftDocs/powerbi-rest-api-docs-pr/blob/master/docs-ref-autogen/power-bi/Pipelines/GetPipelineStageArtifacts.yml,https://review.docs.microsoft.com/en-us/rest/api/power-bi/pipelines/getpipelinestageartifacts?branch=master,Unpublished,
Content,https://github.com/MicrosoftDocs/powerbi-rest-api-docs-pr/blob/master/docs-ref-autogen/power-bi/Pipelines/SelectiveDeploy.yml,https://review.docs.microsoft.com/en-us/rest/api/power-bi/pipelines/selectivedeploy?branch=master,Unpublished,
Content,https://github.com/MicrosoftDocs/powerbi-rest-api-docs-pr/blob/master/docs-ref-autogen/power-bi/PushDatasets.yml,https://review.docs.microsoft.com/en-us/rest/api/power-bi/pushdatasets?branch=master,Unpublished,
Content,https://github.com/MicrosoftDocs/powerbi-rest-api-docs-pr/blob/master/docs-ref-autogen/power-bi/PushDatasets/Datasets_DeleteRows.yml,https://review.docs.microsoft.com/en-us/rest/api/power-bi/pushdatasets/datasets_deleterows?branch=master,Unpublished,
Content,https://github.com/MicrosoftDocs/powerbi-rest-api-docs-pr/blob/master/docs-ref-autogen/power-bi/PushDatasets/Datasets_DeleteRowsInGroup.yml,https://review.docs.microsoft.com/en-us/rest/api/power-bi/pushdatasets/datasets_deleterowsingroup?branch=master,Unpublished,
Content,https://github.com/MicrosoftDocs/powerbi-rest-api-docs-pr/blob/master/docs-ref-autogen/power-bi/PushDatasets/Datasets_GetTables.yml,https://review.docs.microsoft.com/en-us/rest/api/power-bi/pushdatasets/datasets_gettables?branch=master,Unpublished,
Content,https://github.com/MicrosoftDocs/powerbi-rest-api-docs-pr/blob/master/docs-ref-autogen/power-bi/PushDatasets/Datasets_GetTablesInGroup.yml,https://review.docs.microsoft.com/en-us/rest/api/power-bi/pushdatasets/datasets_gettablesingroup?branch=master,Unpublished,
Content,https://github.com/MicrosoftDocs/powerbi-rest-api-docs-pr/blob/master/docs-ref-autogen/power-bi/PushDatasets/Datasets_PostDataset.yml,https://review.docs.microsoft.com/en-us/rest/api/power-bi/pushdatasets/datasets_postdataset?branch=master,Unpublished,
Content,https://github.com/MicrosoftDocs/powerbi-rest-api-docs-pr/blob/master/docs-ref-autogen/power-bi/PushDatasets/Datasets_PostDatasetInGroup.yml,https://review.docs.microsoft.com/en-us/rest/api/power-bi/pushdatasets/datasets_postdatasetingroup?branch=master,Unpublished,
Content,https://github.com/MicrosoftDocs/powerbi-rest-api-docs-pr/blob/master/docs-ref-autogen/power-bi/PushDatasets/Datasets_PostRows.yml,https://review.docs.microsoft.com/en-us/rest/api/power-bi/pushdatasets/datasets_postrows?branch=master,Unpublished,
Content,https://github.com/MicrosoftDocs/powerbi-rest-api-docs-pr/blob/master/docs-ref-autogen/power-bi/PushDatasets/Datasets_PostRowsInGroup.yml,https://review.docs.microsoft.com/en-us/rest/api/power-bi/pushdatasets/datasets_postrowsingroup?branch=master,Unpublished,
Content,https://github.com/MicrosoftDocs/powerbi-rest-api-docs-pr/blob/master/docs-ref-autogen/power-bi/PushDatasets/Datasets_PutTable.yml,https://review.docs.microsoft.com/en-us/rest/api/power-bi/pushdatasets/datasets_puttable?branch=master,Unpublished,
Content,https://github.com/MicrosoftDocs/powerbi-rest-api-docs-pr/blob/master/docs-ref-autogen/power-bi/PushDatasets/Datasets_PutTableInGroup.yml,https://review.docs.microsoft.com/en-us/rest/api/power-bi/pushdatasets/datasets_puttableingroup?branch=master,Unpublished,
Content,https://github.com/MicrosoftDocs/powerbi-rest-api-docs-pr/blob/master/docs-ref-autogen/power-bi/Reports.yml,https://review.docs.microsoft.com/en-us/rest/api/power-bi/reports?branch=master,Unpublished,
Content,https://github.com/MicrosoftDocs/powerbi-rest-api-docs-pr/blob/master/docs-ref-autogen/power-bi/Reports/CloneReport.yml,https://review.docs.microsoft.com/en-us/rest/api/power-bi/reports/clonereport?branch=master,Unpublished,
Content,https://github.com/MicrosoftDocs/powerbi-rest-api-docs-pr/blob/master/docs-ref-autogen/power-bi/Reports/CloneReportInGroup.yml,https://review.docs.microsoft.com/en-us/rest/api/power-bi/reports/clonereportingroup?branch=master,Unpublished,
Content,https://github.com/MicrosoftDocs/powerbi-rest-api-docs-pr/blob/master/docs-ref-autogen/power-bi/Reports/DeleteReport.yml,https://review.docs.microsoft.com/en-us/rest/api/power-bi/reports/deletereport?branch=master,Unpublished,
Content,https://github.com/MicrosoftDocs/powerbi-rest-api-docs-pr/blob/master/docs-ref-autogen/power-bi/Reports/DeleteReportInGroup.yml,https://review.docs.microsoft.com/en-us/rest/api/power-bi/reports/deletereportingroup?branch=master,Unpublished,
Content,https://github.com/MicrosoftDocs/powerbi-rest-api-docs-pr/blob/master/docs-ref-autogen/power-bi/Reports/ExportReport.yml,https://review.docs.microsoft.com/en-us/rest/api/power-bi/reports/exportreport?branch=master,Unpublished,
Content,https://github.com/MicrosoftDocs/powerbi-rest-api-docs-pr/blob/master/docs-ref-autogen/power-bi/Reports/ExportReportInGroup.yml,https://review.docs.microsoft.com/en-us/rest/api/power-bi/reports/exportreportingroup?branch=master,Unpublished,
Content,https://github.com/MicrosoftDocs/powerbi-rest-api-docs-pr/blob/master/docs-ref-autogen/power-bi/Reports/ExportToFile.yml,https://review.docs.microsoft.com/en-us/rest/api/power-bi/reports/exporttofile?branch=master,Unpublished,
Content,https://github.com/MicrosoftDocs/powerbi-rest-api-docs-pr/blob/master/docs-ref-autogen/power-bi/Reports/ExportToFileInGroup.yml,https://review.docs.microsoft.com/en-us/rest/api/power-bi/reports/exporttofileingroup?branch=master,Unpublished,
Content,https://github.com/MicrosoftDocs/powerbi-rest-api-docs-pr/blob/master/docs-ref-autogen/power-bi/Reports/GetDatasources.yml,https://review.docs.microsoft.com/en-us/rest/api/power-bi/reports/getdatasources?branch=master,Unpublished,
Content,https://github.com/MicrosoftDocs/powerbi-rest-api-docs-pr/blob/master/docs-ref-autogen/power-bi/Reports/GetDatasourcesInGroup.yml,https://review.docs.microsoft.com/en-us/rest/api/power-bi/reports/getdatasourcesingroup?branch=master,Unpublished,
Content,https://github.com/MicrosoftDocs/powerbi-rest-api-docs-pr/blob/master/docs-ref-autogen/power-bi/Reports/GetExportToFileStatus.yml,https://review.docs.microsoft.com/en-us/rest/api/power-bi/reports/getexporttofilestatus?branch=master,Unpublished,
Content,https://github.com/MicrosoftDocs/powerbi-rest-api-docs-pr/blob/master/docs-ref-autogen/power-bi/Reports/GetExportToFileStatusInGroup.yml,https://review.docs.microsoft.com/en-us/rest/api/power-bi/reports/getexporttofilestatusingroup?branch=master,Unpublished,
Content,https://github.com/MicrosoftDocs/powerbi-rest-api-docs-pr/blob/master/docs-ref-autogen/power-bi/Reports/GetFileOfExportToFile.yml,https://review.docs.microsoft.com/en-us/rest/api/power-bi/reports/getfileofexporttofile?branch=master,Unpublished,
Content,https://github.com/MicrosoftDocs/powerbi-rest-api-docs-pr/blob/master/docs-ref-autogen/power-bi/Reports/GetFileOfExportToFileInGroup.yml,https://review.docs.microsoft.com/en-us/rest/api/power-bi/reports/getfileofexporttofileingroup?branch=master,Unpublished,
Content,https://github.com/MicrosoftDocs/powerbi-rest-api-docs-pr/blob/master/docs-ref-autogen/power-bi/Reports/GetPage.yml,https://review.docs.microsoft.com/en-us/rest/api/power-bi/reports/getpage?branch=master,Unpublished,
Content,https://github.com/MicrosoftDocs/powerbi-rest-api-docs-pr/blob/master/docs-ref-autogen/power-bi/Reports/GetPageInGroup.yml,https://review.docs.microsoft.com/en-us/rest/api/power-bi/reports/getpageingroup?branch=master,Unpublished,
Content,https://github.com/MicrosoftDocs/powerbi-rest-api-docs-pr/blob/master/docs-ref-autogen/power-bi/Reports/GetPages.yml,https://review.docs.microsoft.com/en-us/rest/api/power-bi/reports/getpages?branch=master,Unpublished,
Content,https://github.com/MicrosoftDocs/powerbi-rest-api-docs-pr/blob/master/docs-ref-autogen/power-bi/Reports/GetPagesInGroup.yml,https://review.docs.microsoft.com/en-us/rest/api/power-bi/reports/getpagesingroup?branch=master,Unpublished,
Content,https://github.com/MicrosoftDocs/powerbi-rest-api-docs-pr/blob/master/docs-ref-autogen/power-bi/Reports/GetReport.yml,https://review.docs.microsoft.com/en-us/rest/api/power-bi/reports/getreport?branch=master,Unpublished,
Content,https://github.com/MicrosoftDocs/powerbi-rest-api-docs-pr/blob/master/docs-ref-autogen/power-bi/Reports/GetReportInGroup.yml,https://review.docs.microsoft.com/en-us/rest/api/power-bi/reports/getreportingroup?branch=master,Unpublished,
Content,https://github.com/MicrosoftDocs/powerbi-rest-api-docs-pr/blob/master/docs-ref-autogen/power-bi/Reports/GetReports.yml,https://review.docs.microsoft.com/en-us/rest/api/power-bi/reports/getreports?branch=master,Unpublished,
Content,https://github.com/MicrosoftDocs/powerbi-rest-api-docs-pr/blob/master/docs-ref-autogen/power-bi/Reports/GetReportsInGroup.yml,https://review.docs.microsoft.com/en-us/rest/api/power-bi/reports/getreportsingroup?branch=master,Unpublished,
Content,https://github.com/MicrosoftDocs/powerbi-rest-api-docs-pr/blob/master/docs-ref-autogen/power-bi/Reports/RebindReport.yml,https://review.docs.microsoft.com/en-us/rest/api/power-bi/reports/rebindreport?branch=master,Unpublished,
Content,https://github.com/MicrosoftDocs/powerbi-rest-api-docs-pr/blob/master/docs-ref-autogen/power-bi/Reports/RebindReportInGroup.yml,https://review.docs.microsoft.com/en-us/rest/api/power-bi/reports/rebindreportingroup?branch=master,Unpublished,
Content,https://github.com/MicrosoftDocs/powerbi-rest-api-docs-pr/blob/master/docs-ref-autogen/power-bi/Reports/TakeOverInGroup.yml,https://review.docs.microsoft.com/en-us/rest/api/power-bi/reports/takeoveringroup?branch=master,Unpublished,
Content,https://github.com/MicrosoftDocs/powerbi-rest-api-docs-pr/blob/master/docs-ref-autogen/power-bi/Reports/UpdateDatasources.yml,https://review.docs.microsoft.com/en-us/rest/api/power-bi/reports/updatedatasources?branch=master,Unpublished,
Content,https://github.com/MicrosoftDocs/powerbi-rest-api-docs-pr/blob/master/docs-ref-autogen/power-bi/Reports/UpdateDatasourcesInGroup.yml,https://review.docs.microsoft.com/en-us/rest/api/power-bi/reports/updatedatasourcesingroup?branch=master,Unpublished,
Content,https://github.com/MicrosoftDocs/powerbi-rest-api-docs-pr/blob/master/docs-ref-autogen/power-bi/Reports/UpdateReportContent.yml,https://review.docs.microsoft.com/en-us/rest/api/power-bi/reports/updatereportcontent?branch=master,Unpublished,
Content,https://github.com/MicrosoftDocs/powerbi-rest-api-docs-pr/blob/master/docs-ref-autogen/power-bi/Reports/UpdateReportContentInGroup.yml,https://review.docs.microsoft.com/en-us/rest/api/power-bi/reports/updatereportcontentingroup?branch=master,Unpublished,
Content,https://github.com/MicrosoftDocs/powerbi-rest-api-docs-pr/blob/master/docs-ref-autogen/power-bi/TemplateApps.yml,https://review.docs.microsoft.com/en-us/rest/api/power-bi/templateapps?branch=master,Unpublished,
Content,https://github.com/MicrosoftDocs/powerbi-rest-api-docs-pr/blob/master/docs-ref-autogen/power-bi/TemplateApps/CreateInstallTicket.yml,https://review.docs.microsoft.com/en-us/rest/api/power-bi/templateapps/createinstallticket?branch=master,Unpublished,
Content,https://github.com/MicrosoftDocs/powerbi-rest-api-docs-pr/blob/master/docs-ref-autogen/power-bi/Users.yml,https://review.docs.microsoft.com/en-us/rest/api/power-bi/users?branch=master,Unpublished,
Content,https://github.com/MicrosoftDocs/powerbi-rest-api-docs-pr/blob/master/docs-ref-autogen/power-bi/Users/RefreshUserPermissions.yml,https://review.docs.microsoft.com/en-us/rest/api/power-bi/users/refreshuserpermissions?branch=master,Unpublished,
Toc,https://github.com/MicrosoftDocs/powerbi-rest-api-docs-pr/blob/master/docs-ref-autogen/toc.md,https://review.docs.microsoft.com/en-us/rest/api/power-bi/toc.json?branch=master,Unpublished,
